,folds,test_auc,val_auc,test_acc,val_acc
0,0,0.5034391534391535,0.6724867724867725,0.2222222222222222,0.33333333333333337
