,folds,test_auc,val_auc,test_acc,val_acc
0,0,0.5833333333333334,0.7777777777777778,0.6,0.4
