slide_id,Y,Y_hat,p_0,p_1,p_2
M-112,0.0,0.0,0.7558481097221375,0.1469627469778061,0.09718919545412064
M-108,0.0,0.0,0.5803253650665283,0.17383137345314026,0.24584327638149261
M-86,1.0,0.0,0.8676984906196594,0.09861479699611664,0.03368670120835304
M-11,2.0,2.0,0.1535741239786148,0.0029692742973566055,0.8434566259384155
M-100,2.0,0.0,0.7572584748268127,0.10181878507137299,0.14092275500297546
