,folds,test_auc,val_auc,test_acc,val_acc
0,0,0.9424603174603176,0.8829365079365079,0.9,0.9
