slide_id,Y,Y_hat,p_0,p_1,p_2
M-3,0.0,2.0,0.2279081642627716,0.3583351969718933,0.4137565493583679
M-4,0.0,2.0,0.017765449360013008,0.0025702158454805613,0.9796643257141113
M-9,0.0,2.0,0.2279496192932129,0.3582422137260437,0.4138081967830658
M-13,0.0,2.0,0.2279496043920517,0.35824310779571533,0.41380733251571655
M-19,1.0,2.0,0.22794394195079803,0.35825610160827637,0.4137999415397644
M-26,1.0,0.0,0.623092770576477,0.0027407361194491386,0.3741665482521057
M-36,2.0,0.0,0.743357241153717,0.01981380395591259,0.23682901263237
M-37,2.0,2.0,0.22794365882873535,0.3582596480846405,0.41379669308662415
M-42,2.0,2.0,0.0030233298894017935,0.00012126492947572842,0.9968553781509399
