slide_id,Y,Y_hat,p_0,p_1,p_2
M-112,0.0,0.0,0.6667277812957764,0.3213711678981781,0.011901075951755047
M-108,0.0,1.0,0.33909547328948975,0.6569887399673462,0.00391575088724494
M-86,1.0,2.0,0.1502012312412262,0.00378056475892663,0.8460181951522827
M-11,2.0,2.0,0.15858271718025208,0.00328311650082469,0.8381341099739075
M-100,2.0,0.0,0.6329607963562012,0.3497834801673889,0.017255768179893494
