slide_id,Y,Y_hat,p_0,p_1,p_2
M-112,0.0,0.0,0.5539066195487976,0.2266596108675003,0.2194337248802185
M-108,0.0,0.0,0.9802207946777344,0.005874320399016142,0.013904813677072525
M-86,1.0,0.0,0.9782545566558838,0.010539240203797817,0.011206158436834812
M-11,2.0,0.0,0.9874725341796875,0.004736754577606916,0.007790619507431984
M-100,2.0,2.0,0.046703267842531204,0.013244216330349445,0.9400525689125061
