slide_id,Y,Y_hat,p_0,p_1,p_2
M-32,0.0,0.0,0.9981324076652527,0.0012262299424037337,0.000641286838799715
M-108,0.0,0.0,0.9996346235275269,0.00022924059885554016,0.00013612658949568868
M-121_ext,0.0,0.0,0.9999048709869385,5.031131877331063e-05,4.4764630729332566e-05
M-114,1.0,1.0,9.812164353206754e-05,0.9997747540473938,0.00012709708244074136
M-114_ext_02,1.0,1.0,1.0978420505125541e-05,0.9999690055847168,2.0005976693937555e-05
M-87_ext_01,1.0,1.0,4.302741581341252e-05,0.999901533126831,5.547115142690018e-05
M-10,2.0,2.0,0.0008206536876969039,0.0006248785648494959,0.998554527759552
M-100_ext,2.0,2.0,4.3476440623635426e-05,6.936803401913494e-05,0.9998871088027954
M-11_ext,2.0,2.0,0.33386197686195374,0.10058344900608063,0.5655545592308044
