,folds,test_auc,val_auc,test_acc,val_acc
0,0,0.8333333333333334,0.2777777777777778,0.6,0.4
