slide_id,Y,Y_hat,p_0,p_1,p_2
M-108,0.0,2.0,0.0664134994149208,0.05424635857343674,0.8793401718139648
M-112,0.0,2.0,0.18177403509616852,0.10029003769159317,0.7179359197616577
M-86,1.0,0.0,0.5509700179100037,0.34273549914360046,0.10629451274871826
M-100,2.0,0.0,0.9286901354789734,0.029888616874814034,0.04142127186059952
M-11,2.0,2.0,0.12031896412372589,0.04195430874824524,0.8377267718315125
