slide_id,Y,Y_hat,p_0,p_1,p_2
M-32,0.0,0.0,0.999439537525177,4.8381476517533883e-05,0.0005120729911141098
M-108,0.0,0.0,0.9994252920150757,0.0005109278718009591,6.382281571859494e-05
M-121_ext,0.0,0.0,0.9981405735015869,0.0017913226038217545,6.802742427680641e-05
M-114,1.0,1.0,0.00622527627274394,0.9936855435371399,8.918525418266654e-05
M-114_ext_02,1.0,1.0,0.002714100293815136,0.9972338080406189,5.209644223214127e-05
M-87_ext_01,1.0,1.0,0.005943666212260723,0.9927219748497009,0.0013343902537599206
M-10,2.0,2.0,0.0006071149255149066,2.1399782781372778e-05,0.9993714690208435
M-100_ext,2.0,2.0,0.003117959015071392,0.0008254295098595321,0.9960565567016602
M-11_ext,2.0,2.0,0.2710353136062622,0.0011607491178438067,0.7278039455413818
