slide_id,Y,Y_hat,p_0,p_1,p_2
M-112,0.0,1.0,0.2777625024318695,0.4099997580051422,0.3122377395629883
M-108,0.0,0.0,0.9848464727401733,0.004956463351845741,0.010197043418884277
M-86,1.0,0.0,0.7181728482246399,0.2271011620759964,0.0547260046005249
M-11,2.0,0.0,0.9898097515106201,0.005115923471748829,0.005074305925518274
M-100,2.0,2.0,0.157327339053154,0.029369791969656944,0.8133029341697693
