slide_id,Y,Y_hat,p_0,p_1,p_2
M-112,0.0,0.0,0.43567004799842834,0.18857578933238983,0.37575414776802063
M-121,0.0,1.0,0.0031514375004917383,0.9957167506217957,0.0011317708995193243
M-87,1.0,0.0,0.9922745823860168,0.006048634648323059,0.0016767956549301744
M-10,2.0,0.0,0.9630346894264221,0.00577907869592309,0.031186241656541824
M-113,2.0,2.0,0.051381293684244156,0.023179642856121063,0.9254390597343445
