,folds,test_auc,val_auc,test_acc,val_acc
0,0,0.9702380952380953,0.9722222222222223,0.8,0.8
