slide_id,Y,Y_hat,p_0,p_1,p_2
M-108,0.0,0.0,0.9955450296401978,0.001648591016419232,0.0028064425569027662
M-112,0.0,0.0,0.9946616291999817,0.0009506159112788737,0.004387784283608198
M-86,1.0,0.0,0.9927098751068115,0.0024001765996217728,0.004889901727437973
M-100,2.0,0.0,0.9812930226325989,0.003674332518130541,0.015032658353447914
M-11,2.0,0.0,0.9697405695915222,0.002526999218389392,0.027732428163290024
