slide_id,Y,Y_hat,p_0,p_1,p_2
M-108,0.0,0.0,0.42619985342025757,0.34257596731185913,0.2312241494655609
M-112,0.0,0.0,0.3730384111404419,0.2622750997543335,0.3646864891052246
M-86,1.0,1.0,0.36168429255485535,0.5337841510772705,0.10453152656555176
M-100,2.0,0.0,0.671820342540741,0.13687044382095337,0.19130921363830566
M-11,2.0,2.0,0.335235059261322,0.1133972704410553,0.5513676404953003
