slide_id,Y,Y_hat,p_0,p_1,p_2
M-32,0.0,0.0,0.9995452761650085,0.00029659667052328587,0.0001580781099619344
M-108,0.0,0.0,0.9999650716781616,2.2083857402321883e-05,1.2870262253272813e-05
M-121_ext,0.0,0.0,0.9999780654907227,1.1112634638266172e-05,1.0809034392877948e-05
M-114,1.0,1.0,1.1704500138876028e-05,0.9999754428863525,1.2884531315648928e-05
M-114_ext_02,1.0,1.0,7.952165788083221e-07,0.9999978542327881,1.2995260476600379e-06
M-87_ext_01,1.0,1.0,3.894022484018933e-06,0.9999924898147583,3.603601271606749e-06
M-10,2.0,2.0,0.00015622518549207598,0.0001321144081884995,0.9997115731239319
M-100_ext,2.0,2.0,3.3297933441645e-06,4.3987906792608555e-06,0.9999922513961792
M-11_ext,2.0,2.0,0.29779553413391113,0.06804125756025314,0.6341632008552551
