,folds,test_auc,test_acc
0,0,0.5034391534391535,0.2222222222222222
