slide_id,Y,Y_hat,p_0,p_1,p_2
M-112,0.0,0.0,0.6367756724357605,0.3571976125240326,0.006026677321642637
M-108,0.0,1.0,0.32117143273353577,0.6761525273323059,0.0026760080363601446
M-86,1.0,2.0,0.02675478532910347,6.861317524453625e-05,0.9731767177581787
M-11,2.0,2.0,0.04039117693901062,0.000289635150693357,0.9593191742897034
M-100,2.0,0.0,0.6869439482688904,0.2980836033821106,0.014972337521612644
