slide_id,Y,Y_hat,p_0,p_1,p_2
M-3,0.0,1.0,0.237365260720253,0.4099363684654236,0.352698415517807
M-4,0.0,2.0,0.008175226859748363,0.000747388752643019,0.9910774230957031
M-9,0.0,1.0,0.2374083548784256,0.4098797142505646,0.35271188616752625
M-13,0.0,1.0,0.23740656673908234,0.40988123416900635,0.3527121841907501
M-19,1.0,1.0,0.2374008297920227,0.4098889231681824,0.35271018743515015
M-26,1.0,2.0,0.08177449554204941,0.013316505588591099,0.9049089550971985
M-36,2.0,0.0,0.9847155809402466,0.0020345633383840322,0.01324987318366766
M-37,2.0,1.0,0.23739901185035706,0.4098909795284271,0.3527100384235382
M-42,2.0,2.0,0.0047004385851323605,0.000440608971985057,0.994858980178833
