slide_id,Y,Y_hat,p_0,p_1,p_2
M-108,0.0,0.0,0.9896592497825623,0.0009786232840269804,0.009362165816128254
M-112,0.0,0.0,0.9115109443664551,0.035593364387750626,0.05289566516876221
M-86,1.0,0.0,0.8893783688545227,0.042165178805589676,0.06845639646053314
M-100,2.0,2.0,0.0009542475454509258,0.00045193746336735785,0.9985938668251038
M-11,2.0,0.0,0.9764713048934937,0.005367063917219639,0.01816168799996376
