slide_id,Y,Y_hat,p_0,p_1,p_2
M-3,0.0,1.0,0.23401954770088196,0.4147670865058899,0.35121336579322815
M-4,0.0,2.0,0.0022472208365797997,0.0004118345386814326,0.997340977191925
M-9,0.0,1.0,0.23406223952770233,0.4147176444530487,0.35122010111808777
M-13,0.0,1.0,0.23406042158603668,0.4147184193134308,0.3512211740016937
M-19,1.0,1.0,0.23405562341213226,0.41472575068473816,0.3512186110019684
M-26,1.0,2.0,0.06692782044410706,0.012243449687957764,0.9208287596702576
M-36,2.0,0.0,0.9992781281471252,0.00017904717242345214,0.0005428440636023879
M-37,2.0,1.0,0.23405370116233826,0.4147273600101471,0.35121890902519226
M-42,2.0,2.0,0.0012897119158878922,0.0003423760936129838,0.9983678460121155
