slide_id,Y,Y_hat,p_0,p_1,p_2
M-112,0.0,0.0,0.9183703660964966,0.0742228701710701,0.00740671856328845
M-108,0.0,1.0,0.27606329321861267,0.6783629059791565,0.04557380452752113
M-86,1.0,1.0,0.2844882011413574,0.637738049030304,0.07777372002601624
M-11,2.0,2.0,0.015089964494109154,0.007072338368743658,0.9778376221656799
M-100,2.0,0.0,0.7708841562271118,0.211602583527565,0.017513252794742584
