,folds,test_auc,val_auc,test_acc,val_acc
0,0,0.9861111111111112,0.9583333333333334,0.9,0.9
