slide_id,Y,Y_hat,p_0,p_1,p_2
M-108,0.0,0.0,0.9919278621673584,0.0007591077592223883,0.007313001900911331
M-112,0.0,0.0,0.6458687782287598,0.047058962285518646,0.3070722222328186
M-86,1.0,0.0,0.9028820991516113,0.03426568955183029,0.06285224109888077
M-100,2.0,2.0,0.0005218229489400983,0.0003089538076892495,0.9991692304611206
M-11,2.0,0.0,0.9802356958389282,0.004323264118283987,0.015441094525158405
