,folds,test_auc,test_acc
0,0,0.44814814814814813,0.2222222222222222
