slide_id,Y,Y_hat,p_0,p_1,p_2
M-108,0.0,0.0,0.9953523874282837,0.0020107722375541925,0.0026368401013314724
M-112,0.0,0.0,0.9932291507720947,0.0015402393182739615,0.005230576731264591
M-86,1.0,0.0,0.9902061820030212,0.004112596623599529,0.005681196227669716
M-100,2.0,0.0,0.9778600931167603,0.004938562400639057,0.017201336100697517
M-11,2.0,0.0,0.8966901302337646,0.004011459182947874,0.0992984026670456
