,folds,test_auc,val_auc,test_acc,val_acc
0,0,0.5833333333333334,0.4444444444444445,0.4,0.4
