slide_id,Y,Y_hat,p_0,p_1,p_2
M-108,0.0,0.0,0.9975376129150391,0.0007339155999943614,0.0017284206114709377
M-112,0.0,0.0,0.9963477253913879,0.0005211213720031083,0.0031311670318245888
M-86,1.0,0.0,0.9961966276168823,0.0011255077552050352,0.00267793913371861
M-100,2.0,0.0,0.9916551113128662,0.0017278887098655105,0.006616933736950159
M-11,2.0,0.0,0.9917709827423096,0.0008814904140308499,0.007347519509494305
