,folds,test_auc,val_auc,test_acc,val_acc
0,0,0.9126984126984127,0.8988095238095238,0.9,0.9
