slide_id,Y,Y_hat,p_0,p_1,p_2
M-112,0.0,0.0,0.9955841898918152,0.0019069602712988853,0.0025088044349104166
M-108,0.0,0.0,0.9155190587043762,0.08122488111257553,0.003256052266806364
M-86,1.0,0.0,0.6247796416282654,0.368132084608078,0.0070881969295442104
M-11,2.0,2.0,0.0680701956152916,0.0013705252204090357,0.9305592179298401
M-100,2.0,0.0,0.9921873807907104,0.0061395252123475075,0.001673055114224553
