slide_id,Y,Y_hat,p_0,p_1,p_2
M-112,0.0,2.0,0.34360912442207336,0.29075267910957336,0.36563819646835327
M-121,0.0,1.0,0.32758644223213196,0.42867425084114075,0.2437392771244049
M-87,1.0,1.0,0.0007357200374826789,0.9985311031341553,0.0007331571541726589
M-10,2.0,2.0,0.3714044690132141,0.2555047273635864,0.37309086322784424
M-113,2.0,2.0,0.08167391270399094,0.3085218369960785,0.6098042726516724
