slide_id,Y,Y_hat,p_0,p_1,p_2
M-112,0.0,0.0,0.4736965596675873,0.3946223855018616,0.13168102502822876
M-108,0.0,1.0,0.29143473505973816,0.5797200798988342,0.1288451999425888
M-86,1.0,1.0,0.3131909966468811,0.5428956747055054,0.1439133733510971
M-11,2.0,2.0,0.3631397485733032,0.2237240970134735,0.41313618421554565
M-100,2.0,0.0,0.5323376655578613,0.2798561453819275,0.1878061592578888
