slide_id,Y,Y_hat,p_0,p_1,p_2
M-112,0.0,2.0,0.3392550051212311,0.28624215722084045,0.3745028078556061
M-121,0.0,1.0,0.3236263692378998,0.42850106954574585,0.24787256121635437
M-87,1.0,1.0,0.00015814922517165542,0.9996745586395264,0.00016726060130167753
M-10,2.0,0.0,0.37770920991897583,0.251728892326355,0.3705618679523468
M-113,2.0,2.0,0.1287897378206253,0.27231496572494507,0.598895251750946
