slide_id,Y,Y_hat,p_0,p_1,p_2
M-112,0.0,0.0,0.7632405757904053,0.0056159826926887035,0.23114345967769623
M-121,0.0,1.0,0.0005334707675501704,0.9990338087081909,0.00043269875459372997
M-87,1.0,0.0,0.9978429079055786,0.0012233960442245007,0.0009337040246464312
M-10,2.0,0.0,0.990222692489624,0.0006218448397703469,0.00915547739714384
M-113,2.0,2.0,0.00020852175657637417,0.00022585938859265298,0.9995656609535217
