slide_id,Y,Y_hat,p_0,p_1,p_2
M-32,0.0,0.0,0.9999802112579346,1.5710589877926395e-06,1.8221500795334578e-05
M-108,0.0,0.0,0.999997615814209,1.3567695305027883e-06,1.0573879762887373e-06
M-121_ext,0.0,0.0,0.9999681711196899,2.391463021922391e-05,7.834327334421687e-06
M-114,1.0,1.0,3.0283455998869613e-05,0.9999667406082153,3.0058404263400007e-06
M-114_ext_02,1.0,1.0,9.531768228043802e-06,0.9999887943267822,1.6248902738880133e-06
M-87_ext_01,1.0,1.0,1.855883965617977e-05,0.9999716281890869,9.831749594013672e-06
M-10,2.0,2.0,1.933324892888777e-05,1.0039527296612505e-05,0.9999706745147705
M-100_ext,2.0,2.0,9.936014976119623e-06,7.5241687227389775e-06,0.9999825954437256
M-11_ext,2.0,2.0,3.476687561487779e-05,7.827341505617369e-06,0.9999573230743408
