slide_id,Y,Y_hat,p_0,p_1,p_2
M-108,0.0,0.0,0.976829469203949,0.002506998833268881,0.020663492381572723
M-112,0.0,0.0,0.8627915978431702,0.05267303064465523,0.08453536033630371
M-86,1.0,0.0,0.8410491943359375,0.06277188658714294,0.09617888182401657
M-100,2.0,2.0,0.0026238563004881144,0.0012003013398498297,0.9961757659912109
M-11,2.0,0.0,0.9557579159736633,0.010962198488414288,0.03327985852956772
