slide_id,Y,Y_hat,p_0,p_1,p_2
M-32,0.0,0.0,0.9999483823776245,2.698715979931876e-05,2.4709655917831697e-05
M-108,0.0,0.0,0.9999802112579346,1.3132391359249596e-05,6.709666195092723e-06
M-121_ext,0.0,0.0,0.9999879598617554,5.448463525681291e-06,6.610363925574347e-06
M-114,1.0,1.0,4.916985744785052e-06,0.9999853372573853,9.75740113062784e-06
M-114_ext_02,1.0,1.0,2.17107162825414e-06,0.9999916553497314,6.175866928970208e-06
M-87_ext_01,1.0,1.0,2.1074223695904948e-05,0.9999704360961914,8.448195330856834e-06
M-10,2.0,2.0,3.45014595950488e-05,2.225727803306654e-05,0.9999432563781738
M-100_ext,2.0,2.0,0.001151100848801434,0.000979099771939218,0.9978697299957275
M-11_ext,2.0,0.0,0.8721632957458496,0.027761004865169525,0.1000756323337555
