,folds,test_auc,test_acc
0,0,0.521957671957672,0.2222222222222222
