slide_id,Y,Y_hat,p_0,p_1,p_2
M-112,0.0,0.0,0.4507664740085602,0.2946077585220337,0.2546257972717285
M-108,0.0,0.0,0.9609954357147217,0.011889664456248283,0.027114897966384888
M-86,1.0,0.0,0.9456746578216553,0.02728687785565853,0.02703852392733097
M-11,2.0,0.0,0.9735649228096008,0.009938343428075314,0.016496771946549416
M-100,2.0,2.0,0.06328266113996506,0.02015230990946293,0.9165650606155396
