,folds,test_auc,val_auc,test_acc,val_acc
0,0,0.7222222222222223,0.5833333333333334,0.6,0.19999999999999996
