,folds,test_auc,val_auc,test_acc,val_acc
0,0,0.9861111111111112,0.8869047619047619,0.8,0.8
