slide_id,Y,Y_hat,p_0,p_1,p_2
M-32,0.0,0.0,0.9996429681777954,0.00019898006576113403,0.0001580392854521051
M-108,0.0,0.0,0.9998747110366821,6.805169687140733e-05,5.722008791053668e-05
M-121_ext,0.0,0.0,0.9999915361404419,5.5132545639935415e-06,2.9493528472812613e-06
M-114,1.0,1.0,5.313940710038878e-05,0.9998908042907715,5.598681673291139e-05
M-114_ext_02,1.0,1.0,6.629870199503785e-07,0.9999986886978149,6.855770493530144e-07
M-87_ext_01,1.0,1.0,5.8855853239947464e-06,0.9999873638153076,6.691559974569827e-06
M-10,2.0,2.0,3.537565135047771e-05,2.364206920901779e-05,0.9999409914016724
M-100_ext,2.0,2.0,1.2020748272334458e-06,1.102098508454219e-06,0.9999977350234985
M-11_ext,2.0,2.0,0.06823766976594925,0.04568946734070778,0.8860728740692139
