slide_id,Y,Y_hat,p_0,p_1,p_2
M-108,0.0,0.0,0.7724801898002625,0.21411758661270142,0.013402195647358894
M-112,0.0,2.0,0.2065713256597519,0.01747593842446804,0.7759527564048767
M-86,1.0,1.0,0.09613198041915894,0.900292694568634,0.0035753019619733095
M-100,2.0,0.0,0.9973325729370117,0.001030837302096188,0.0016366408672183752
M-11,2.0,2.0,0.030137572437524796,0.0018267965642735362,0.9680356979370117
