,folds,test_auc,val_auc,test_acc,val_acc
0,0,0.521957671957672,0.7129629629629629,0.2222222222222222,0.4444444444444444
