,folds,test_auc,val_auc,test_acc,val_acc
0,0,0.47222222222222227,0.3055555555555556,0.6,0.19999999999999996
