slide_id,Y,Y_hat,p_0,p_1,p_2
M-112,0.0,0.0,0.6771348118782043,0.31654977798461914,0.006315437611192465
M-108,0.0,1.0,0.3210594356060028,0.6764988303184509,0.0024417259264737368
M-86,1.0,2.0,0.005748867057263851,2.3896750462881755e-06,0.9942487478256226
M-11,2.0,2.0,0.018273085355758667,3.752432166947983e-05,0.9816893339157104
M-100,2.0,0.0,0.8220308423042297,0.07920017838478088,0.0987689420580864
