slide_id,Y,Y_hat,p_0,p_1,p_2
M-3,0.0,2.0,0.2170407623052597,0.3802856206893921,0.4026736319065094
M-4,0.0,2.0,0.0039129857905209064,0.00014240745804272592,0.9959446787834167
M-9,0.0,2.0,0.21706274151802063,0.38026565313339233,0.40267160534858704
M-13,0.0,2.0,0.21706250309944153,0.3802676200866699,0.40266987681388855
M-19,1.0,2.0,0.21705865859985352,0.38027292490005493,0.40266841650009155
M-26,1.0,0.0,0.920418918132782,0.002615078119561076,0.07696598768234253
M-36,2.0,0.0,0.8200362324714661,0.011699525639414787,0.1682642698287964
M-37,2.0,2.0,0.21705876290798187,0.3802761137485504,0.4026651084423065
M-42,2.0,2.0,0.0008971401257440448,8.62234810483642e-06,0.9990942478179932
