slide_id,Y,Y_hat,p_0,p_1,p_2
M-108,0.0,0.0,0.9385837316513062,0.055526044219732285,0.005890177097171545
M-112,0.0,2.0,0.11902930587530136,0.004334707278758287,0.8766360282897949
M-86,1.0,1.0,0.18497411906719208,0.8129078149795532,0.0021180501207709312
M-100,2.0,0.0,0.9992464780807495,0.00019978152704425156,0.000553832040168345
M-11,2.0,2.0,0.010438489727675915,0.0005461298860609531,0.9890154004096985
