,folds,test_auc,val_auc,test_acc,val_acc
0,0,0.6666666666666666,0.36111111111111116,0.6,0.4
