,folds,test_auc,val_auc,test_acc,val_acc
0,0,0.4444444444444445,0.3333333333333333,0.6,0.4
