slide_id,Y,Y_hat,p_0,p_1,p_2
M-108,0.0,0.0,0.7204419374465942,0.2617029547691345,0.017855145037174225
M-112,0.0,0.0,0.8710959553718567,0.014949832111597061,0.11395424604415894
M-86,1.0,1.0,0.1254364401102066,0.8620867729187012,0.012476812116801739
M-100,2.0,0.0,0.9973655343055725,0.0008540471899323165,0.0017804123926907778
M-11,2.0,0.0,0.9833725094795227,0.0049462164752185345,0.011681356467306614
