,folds,test_auc,val_auc,test_acc,val_acc
0,0,0.4058201058201058,0.6193121693121694,0.2222222222222222,0.5555555555555556
