slide_id,Y,Y_hat,p_0,p_1,p_2
M-112,0.0,2.0,0.3452814221382141,0.2379293441772461,0.4167892038822174
M-121,0.0,1.0,0.009575246833264828,0.9846335053443909,0.005791252013295889
M-87,1.0,1.0,0.001403938396833837,0.9972186088562012,0.001377456821501255
M-10,2.0,2.0,0.37179142236709595,0.2513619065284729,0.3768467307090759
M-113,2.0,2.0,0.015313933603465557,0.02560557797551155,0.9590803980827332
