slide_id,Y,Y_hat,p_0,p_1,p_2
M-3,0.0,1.0,0.23271556198596954,0.41493433713912964,0.352350115776062
M-4,0.0,2.0,0.003203981090337038,0.00030757440254092216,0.9964884519577026
M-9,0.0,1.0,0.23275962471961975,0.41487202048301697,0.35236838459968567
M-13,0.0,1.0,0.23275770246982574,0.4148738384246826,0.3523685038089752
M-19,1.0,1.0,0.2327522337436676,0.4148823022842407,0.3523654639720917
M-26,1.0,2.0,0.034706853330135345,0.0062843323685228825,0.9590087532997131
M-36,2.0,0.0,0.9910317659378052,0.000944639032240957,0.008023614063858986
M-37,2.0,1.0,0.23275020718574524,0.4148845076560974,0.35236528515815735
M-42,2.0,2.0,0.0018555233255028725,0.00018717125931289047,0.9979573488235474
