slide_id,Y,Y_hat,p_0,p_1,p_2
M-112,0.0,0.0,0.9989438652992249,0.00040172290755435824,0.0006545085343532264
M-108,0.0,0.0,0.9839412569999695,0.015180405229330063,0.0008783306111581624
M-86,1.0,0.0,0.5906615257263184,0.40542179346084595,0.003916694782674313
M-11,2.0,2.0,0.03293241187930107,0.0004483448574319482,0.9666192531585693
M-100,2.0,0.0,0.9958986639976501,0.0033205519430339336,0.0007806710200384259
