,folds,test_auc,val_auc,test_acc,val_acc
0,0,0.9702380952380952,0.8571428571428572,0.8,0.8
