,folds,test_auc,val_auc,test_acc,val_acc
0,0,0.44814814814814813,0.6634920634920635,0.2222222222222222,0.5555555555555556
