,folds,test_auc,val_auc,test_acc,val_acc
0,0,0.5555555555555556,0.638888888888889,0.4,0.6
