,folds,test_auc,val_auc,test_acc,val_acc
0,0,0.9166666666666666,0.6111111111111112,0.4,0.6
