slide_id,Y,Y_hat,p_0,p_1,p_2
M-108,0.0,0.0,0.5106329917907715,0.2736494541168213,0.21571752429008484
M-112,0.0,2.0,0.36721271276474,0.2426934540271759,0.39009377360343933
M-86,1.0,1.0,0.41540589928627014,0.4763380289077759,0.1082560271024704
M-100,2.0,0.0,0.6691168546676636,0.13773806393146515,0.19314517080783844
M-11,2.0,2.0,0.28754177689552307,0.0886930376291275,0.6237651109695435
