slide_id,Y,Y_hat,p_0,p_1,p_2
M-112,0.0,0.0,0.48195764422416687,0.4030510187149048,0.11499135196208954
M-108,0.0,1.0,0.2990957796573639,0.5662330985069275,0.1346711367368698
M-86,1.0,1.0,0.32007133960723877,0.523575484752655,0.1563531458377838
M-11,2.0,2.0,0.3609565496444702,0.2193385511636734,0.4197048842906952
M-100,2.0,0.0,0.5421662330627441,0.2760049104690552,0.1818288266658783
