,folds,test_auc,val_auc,test_acc,val_acc
0,0,0.6944444444444445,0.6666666666666666,0.6,0.6
