,folds,test_auc,val_auc,test_acc,val_acc
0,0,0.7777777777777778,0.5833333333333334,0.8,0.19999999999999996
