slide_id,Y,Y_hat,p_0,p_1,p_2
M-112,0.0,0.0,0.6888010501861572,0.016823947429656982,0.2943749725818634
M-121,0.0,1.0,0.0021392316557466984,0.9964327812194824,0.0014279530150815845
M-87,1.0,0.0,0.9893798232078552,0.00734702730551362,0.0032731995452195406
M-10,2.0,0.0,0.9785526394844055,0.0022342803422361612,0.0192131157964468
M-113,2.0,2.0,0.0012513089459389448,0.0013482868671417236,0.9974004030227661
